old_filename,new_filename,page_title
home.html,home.html,Home
gfoa-distinguished-budget-presentation-award.html,gfoa-distinguished-budget-presentation-award.html,GFOA Distinguished Budget Presentation Award
transmittal-letter.html,transmittal-letter.html,Transmittal Letter
budget-in-brief.html,budget-in-brief.html,Budget-in-Brief
overview-of-walton-county.html,overview-of-walton-county.html,Overview of Walton County
organizational-structure.html,organizational-structure.html,Organizational Structure
strategic-initiatives.html,strategic-initiatives.html,Strategic Initiatives
budget-process-and-calendar.html,budget-process-and-calendar.html,Budget Process & Calendar
fund-descriptions-and-structure.html,fund-descriptions-and-structure.html,Fund Descriptions and Structure
department-to-fund-relationship.html,department-to-fund-relationship.html,Department to Fund Relationship
financial-policies.html,financial-policies.html,Financial Policies
consolidated-financial-schedules.html,consolidated-financial-schedules.html,Consolidated Financial Schedules
fund-financial-schedules.html,fund-financial-schedules.html,Fund Financial Schedules
summary-of-revenues.html,summary-of-revenues.html,Summary of Revenues
summary-of-expenses.html,summary-of-expenses.html,Summary of Expenses
summary-of-interfund-transfers.html,summary-of-interfund-transfers.html,Summary of Interfund Transfers
summary-of-personnel.html,summary-of-personnel.html,Summary of Personnel
summary-of-machinery-vehicles-and-equipment.html,summary-of-machinery-vehicles-and-equipment.html,"Summary of Machinery, Vehicles & Equipment"
board-of-county-commissioners.html,board-of-county-commissioners.html,Board of County Commissioners
clerk-of-courts-and-county-comptroller.html,clerk-of-courts-and-county-comptroller.html,Clerk of Courts & County Comptroller
property-appraiser.html,property-appraiser.html,Property Appraiser
sheriffs-office.html,sheriffs-office.html,Sheriff's Office
supervisor-of-elections.html,supervisor-of-elections.html,Supervisor of Elections
tax-collector.html,tax-collector.html,Tax Collector
circuit-court.html,circuit-court.html,Circuit Court
county-court.html,county-court.html,County Court
court-technology-and-innovations.html,court-technology-and-innovations.html,Court Technology & Innovations
guardian-ad-litem.html,guardian-ad-litem.html,Guardian Ad Litem
medical-examiner.html,medical-examiner.html,Medical Examiner
non-profit-funding-program.html,non-profit-funding-program.html,Non-Profit Funding Program
public-defender.html,public-defender.html,Public Defender
south-walton-fire-and-state-control.html,south-walton-fire-and-state-control.html,South Walton Fire & State Control
state-attorney.html,state-attorney.html,State Attorney
statutory-and-other-agency-funding.html,statutory-and-other-agency-funding.html,Statutory & Other Agency Funding
walton-county-health-department.html,walton-county-health-department.html,Walton County Health Department
building-construction-and-maintenance.html,building-construction-and-maintenance.html,Building Construction and Maintenance
building-department.html,building-department.html,Building Department
code-compliance.html,code-compliance.html,Code Compliance
county-administration.html,county-administration.html,County Administration
eagle-springs-golf-and-recreation-center.html,eagle-springs-golf-and-recreation-center.html,Eagle Springs Golf and Recreation Center
eagle-springs-grill.html,eagle-springs-grill.html,Eagle Springs Grill
emergency-management.html,emergency-management.html,Emergency Management
engineering-department.html,engineering-department.html,Engineering Department
environmental-resources.html,environmental-resources.html,Environmental Resources
extension-office.html,extension-office.html,Extension Office
geographic-info-systems.html,geographic-info-systems.html,Geographic Info Systems
housing-and-urban-development.html,housing-and-urban-development.html,Housing & Urban Development
human-resources.html,human-resources.html,Human Resources
libraries.html,libraries.html,Libraries
mosquito-control.html,mosquito-control.html,Mosquito Control
mossy-head-wastewater-treatment-facility.html,mossy-head-wastewater-treatment-facility.html,Mossy Head Wastewater Treatment Facility
office-of-management-and-budget.html,office-of-management-and-budget.html,Office of Management and Budget
office-of-the-county-attorney.html,office-of-the-county-attorney.html,Office of the County Attorney
planning.html,planning.html,Planning
probation.html,probation.html,Probation
public-works.html,public-works.html,Public Works
purchasing.html,purchasing.html,Purchasing
recreation.html,recreation.html,Recreation
soil-conservation.html,soil-conservation.html,Soil Conservation
solid-waste.html,solid-waste.html,Solid Waste
tourism-administration.html,tourism-administration.html,Tourism Administration
tourism-beach-operations.html,tourism-beach-operations.html,Tourism Beach Operations
tourism-lifeguard-services-and-beach-safety.html,tourism-lifeguard-services-and-beach-safety.html,Tourism Lifeguard Services and Beach Safety
veteran-services.html,veteran-services.html,Veteran Services
capital-improvement-plan.html,capital-improvement-plan.html,Capital Improvement Plan
search.html,search.html,CIP Project Search
cip-capital-projects.html,cip-capital-projects.html,Capital Projects Fund Schedule
cip-grants.html,cip-grants.html,Grant Funded Schedule
cip-sheriff.html,cip-sheriff.html,Sheriff Fund Schedule
cip-tourist-development.html,cip-tourist-development.html,Tourist Development Fund Schedule
cip-transportation.html,cip-transportation.html,Transportation Fund Schedule
debt-overview.html,debt-overview.html,Debt Overview
financial-forecast.html,financial-forecast.html,Financial Forecast
glossary-acronyms-and-frequently-asked-questions.html,glossary-acronyms-and-frequently-asked-questions.html,"Glossary, Acronyms, and Frequently Asked Questions"
statistical-and-supplemental-information.html,statistical-and-supplemental-information.html,Statistical & Supplemental Information
cip-project.html,cip-project.html,
org-chart-full-size.html,org-chart-full-size.html,
